type,faa_weight_class,recat_weight_class,engine_type
A002,S,F,P
A1,S,F,P
A10,L,E,J
A109,S,F,T
A119,S,F,T
A122,S,F,P
A124,H,B,J
A129,S,F,T
A139,S,F,T
A140,L,E,T
A148,L,D,J
A149,S,F,T
A158,L,D,J
A16,S,F,P
A169,S,F,T
A189,S,F,T
A19,S,F,P
A19N,L,D,J
A20,S,F,P
A205,S,F,P
A20J,S,F,J
A20N,L,D,J
A21,S,F,P
A210,S,F,P
A211,S,F,P
A21N,L,D,J
A22,S,F,P
A223,S,F,P
A225,J,A,J
A23,S,F,P
A25,S,F,P
A251,S,F,P
A27,S,F,P
A270,S,F,T
A29,S,F,P
A2RT,S,F,T
A3,L,E,J
A306,H,C,J
A30B,H,C,J
A31,S,F,P
A310,H,C,J
A318,L,D,J
A319,L,D,J
A320,L,D,J
A321,L,D,J
A33,S,F,P
A332,H,B,J
A333,H,B,J
A337,H,B,J
A338,H,B,J
A339,H,B,J
A342,H,B,J
A343,H,B,J
A345,H,B,J
A346,H,B,J
A35,S,F,P
A359,H,B,J
A35K,H,B,J
A37,S,F,J
A388,J,A,J
A3ST,H,C,J
A4,S,F,J
A400,H,C,T
A5,S,F,P
A50,H,C,J
A500,S,F,P
A504,S,F,P
A6,L,E,J
A600,S,F,P
A660,S,F,T
A7,L,E,J
A700,S,F,J
A743,L,D,J
A748,L,D,T
A890,S,F,P
A9,S,F,P
A900,S,F,P
A910,S,F,P
AA1,S,F,P
AA37,S,F,P
AA5,S,F,P
AAT3,S,F,P
AAT4,S,F,P
AAT5,S,F,P
AB11,S,F,P
AB15,S,F,P
AB18,S,F,P
AB95,S,F,P
AC10,S,F,P
AC11,S,F,P
AC31,S,F,T
AC33,S,F,T
AC4,S,F,P
AC50,S,F,P
AC52,S,F,P
AC56,S,F,P
AC5A,S,F,P
AC5M,S,F,P
AC68,S,F,P
AC6L,S,F,P
AC72,S,F,P
AC80,S,F,T
AC90,S,F,T
AC95,S,F,T
ACAM,S,F,P
ACAR,S,F,P
ACED,S,F,P
ACJR,S,F,P
ACPL,S,F,P
ACR2,S,F,P
ACRD,S,F,P
ACRO,S,F,P
ACSR,S,F,P
AD20,S,F,P
ADEL,S,F,P
ADVE,S,F,P
ADVN,S,F,P
AE45,S,F,P
AEA1,S,F,P
AERK,S,F,P
AEST,S,F,P
AFOX,S,F,P
AG02,S,F,P
AGSH,S,F,P
AI10,S,F,P
AIGT,S,F,P
AIRD,S,F,P
AIRL,S,F,P
AJ27,L,E,J
AJET,S,F,J
AK1,S,F,P
AKOY,S,F,P
AKRO,S,F,P
ALBU,S,F,P
ALC1,S,F,P
ALGR,S,F,P
ALH,S,F,T
ALIG,S,F,P
ALIZ,S,F,T
ALO2,S,F,T
ALO3,S,F,T
ALPI,S,F,P
ALSL,S,F,P
ALTO,S,F,P
AM3,S,F,P
AMX,S,F,J
AN12,L,D,T
AN2,S,F,P
AN22,H,B,T
AN24,L,D,T
AN26,L,D,T
AN28,S,F,T
AN3,S,F,T
AN30,L,D,T
AN32,L,D,T
AN38,S,F,T
AN70,H,D,T
AN72,L,D,J
AN8,L,D,T
ANGL,S,F,P
ANSN,S,F,P
ANST,S,F,T
AP20,S,F,P
AP22,S,F,P
AP24,S,F,P
AP26,S,F,P
AP28,S,F,P
AP32,S,F,P
AP36,S,F,P
APM2,S,F,P
APM3,S,F,P
APM4,S,F,P
APUP,S,F,P
AR11,S,F,P
AR15,S,F,P
AR50,S,F,P
AR5T,S,F,P
AR65,S,F,P
AR6T,S,F,P
AR79,S,F,P
ARCP,S,F,P
ARES,S,F,J
ARKS,S,F,P
ARON,S,F,P
ARV1,S,F,P
ARVA,S,F,T
ARWF,S,F,P
AS02,S,F,P
AS14,S,F,P
AS16,S,F,P
AS20,S,F,P
AS21,S,F,P
AS22,S,F,P
AS24,S,F,P
AS25,S,F,P
AS26,S,F,P
AS28,S,F,P
AS29,S,F,P
AS2T,S,F,T
AS30,S,F,P
AS31,S,F,P
AS32,S,F,T
AS3B,S,F,T
AS50,S,F,T
AS55,S,F,T
AS65,S,F,T
AS80,S,F,P
ASO4,S,F,P
ASTO,S,F,P
ASTR,S,F,J
AT2P,S,F,P
AT3,S,F,J
AT3P,S,F,P
AT3T,S,F,T
AT43,L,E,T
AT44,L,E,T
AT45,L,E,T
AT46,L,E,T
AT5P,S,F,P
AT5T,S,F,T
AT6T,S,F,T
AT72,L,E,T
AT73,L,E,T
AT75,L,E,T
AT76,L,E,T
AT8T,S,F,T
ATAC,S,F,P
ATG1,S,F,J
ATIS,S,F,P
ATL,S,F,P
ATLA,L,D,T
ATP,L,D,T
ATTL,S,F,P
AU11,S,F,P
AUJ2,S,F,P
AUJ4,S,F,P
AUS3,S,F,P
AUS4,S,F,P
AUS5,S,F,P
AUS6,S,F,P
AUS7,S,F,P
AUS9,S,F,P
AV68,S,F,P
AVAM,S,F,P
AVID,S,F,P
AVIN,S,F,P
AVK4,S,F,T
AVLN,S,F,T
AVTR,S,F,P
B06,S,F,T
B06T,S,F,T
B1,H,C,J
B103,S,F,P
B105,S,F,T
B13,S,F,P
B14A,S,F,P
B14B,S,F,P
B14C,S,F,P
B150,S,F,T
B17,L,D,P
B18T,S,F,T
B190,S,F,T
B2,H,C,J
B209,S,F,P
B212,S,F,T
B214,S,F,T
B222,S,F,T
B23,L,D,P
B230,S,F,T
B24,L,D,P
B25,L,E,P
B26,L,E,P
B26M,S,F,P
B29,L,D,P
B305,S,F,P
B350,S,F,T
B360,S,F,P
B36T,S,F,T
B37M,L,D,J
B38M,L,D,J
B39M,L,D,J
B407,S,F,T
B412,S,F,T
B427,S,F,T
B429,S,F,T
B430,S,F,T
B461,L,E,J
B462,L,E,J
B463,L,E,J
B47G,S,F,P
B47J,S,F,P
B47T,S,F,T
B505,S,F,T
B52,H,B,J
B525,S,F,T
B58T,S,F,P
B60,S,F,P
B609,S,F,T
B60T,S,F,T
B701,L,D,J
B703,H,C,J
B712,L,D,J
B720,L,D,J
B721,L,D,J
B722,L,D,J
B732,L,D,J
B733,L,D,J
B734,L,D,J
B735,L,D,J
B736,L,D,J
B737,L,D,J
B738,L,D,J
B739,L,D,J
B741,H,B,J
B742,H,B,J
B743,H,B,J
B744,H,B,J
B748,H,B,J
B74R,H,B,J
B74S,H,B,J
B752,5,D,J
B753,5,D,J
B762,H,C,J
B763,H,C,J
B764,H,C,J
B772,H,B,J
B773,H,B,J
B77L,H,B,J
B77W,H,B,J
B788,H,B,J
B789,H,B,J
B78X,H,B,J
BA11,L,D,J
BABY,S,F,P
BAR6,S,F,P
BARC,S,F,P
BASS,S,F,P
BBAT,S,F,P
BBIR,S,F,P
BCA3,S,F,P
BCAT,S,F,P
BCS1,L,D,J
BCS3,L,D,J
BD10,S,F,J
BD12,S,F,P
BD17,S,F,P
BD4,S,F,P
BD5,S,F,P
BD5J,S,F,J
BD5T,S,F,T
BDOG,S,F,P
BE10,S,F,T
BE12,L,D,T
BE17,S,F,P
BE18,S,F,P
BE19,S,F,P
BE20,S,F,T
BE23,S,F,P
BE24,S,F,P
BE30,S,F,T
BE32,S,F,T
BE33,S,F,P
BE35,S,F,P
BE36,S,F,P
BE40,S,F,J
BE50,S,F,P
BE55,S,F,P
BE56,S,F,P
BE58,S,F,P
BE60,S,F,P
BE65,S,F,P
BE70,S,F,P
BE76,S,F,P
BE77,S,F,P
BE80,S,F,P
BE88,S,F,P
BE95,S,F,P
BE99,S,F,T
BE9L,S,F,T
BE9T,S,F,T
BEAR,S,F,P
BELF,L,D,T
BER2,L,D,J
BER4,L,D,J
BETA,S,F,P
BEVR,S,F,P
BF19,S,F,P
BFIT,S,F,P
BILO,S,F,P
BIPL,S,F,P
BIRD,S,F,P
BISC,S,F,P
BK17,S,F,T
BKUT,S,F,P
BL11,S,F,P
BL17,S,F,P
BL19,S,F,P
BL8,S,F,P
BLBU,S,F,P
BLCF,H,B,J
BLEN,S,F,P
BLKS,S,F,P
BM6,S,F,P
BMAN,S,F,P
BN2P,S,F,P
BN2T,S,F,T
BOLT,S,F,P
BOOM,S,F,P
BPAT,S,F,P
BR14,S,F,P
BR54,S,F,P
BR60,S,F,P
BR61,S,F,P
BRAV,S,F,P
BRB2,S,F,P
BREZ,S,F,P
BROU,S,F,P
BS60,S,F,T
BSTP,S,F,T
BSTR,S,F,P
BT36,S,F,P
BTUB,S,F,P
BTX1,S,F,J
BU20,S,F,P
BU31,S,F,P
BU33,S,F,P
BU81,S,F,P
BUC,L,E,J
BUCA,S,F,P
BULT,S,F,P
BUSH,S,F,P
BX2,S,F,P
C02T,S,F,T
C04T,S,F,T
C06T,S,F,T
C07T,S,F,T
C08T,S,F,T
C1,L,D,J
C101,S,F,J
C10T,S,F,T
C119,L,D,P
C120,S,F,P
C123,L,D,P
C125,L,E,P
C130,L,D,T
C135,H,C,J
C140,S,F,P
C141,H,C,J
C14T,S,F,T
C15,L,D,J
C150,S,F,P
C152,S,F,P
C160,L,D,T
C162,S,F,P
C17,H,C,J
C170,S,F,P
C172,S,F,P
C175,S,F,P
C177,S,F,P
C180,S,F,P
C182,S,F,P
C185,S,F,P
C188,S,F,P
C190,S,F,P
C195,S,F,P
C2,L,E,T
C205,S,F,P
C206,S,F,P
C207,S,F,P
C208,S,F,T
C210,S,F,P
C212,S,F,T
C21T,S,F,T
C22J,S,F,J
C240,S,F,P
C25A,S,F,J
C25B,S,F,J
C25C,S,F,J
C25M,S,F,J
C270,S,F,P
C27J,L,D,T
C295,L,E,T
C303,S,F,P
C309,S,F,P
C30J,L,D,T
C310,S,F,P
C311,S,F,P
C320,S,F,P
C335,S,F,P
C336,S,F,P
C337,S,F,P
C340,S,F,P
C365,S,F,T
C402,S,F,P
C404,S,F,P
C408,S,F,T
C411,S,F,P
C414,S,F,P
C42,S,F,P
C421,S,F,P
C425,S,F,T
C441,S,F,T
C46,L,D,P
C5,H,B,J
C500,S,F,J
C501,S,F,J
C510,S,F,J
C525,S,F,J
C526,S,F,J
C550,S,F,J
C551,S,F,J
C55B,S,F,J
C560,S,F,J
C56X,S,F,J
C5M,H,B,J
C650,S,F,J
C680,S,F,J
C68A,S,F,J
C700,S,F,J
C72R,S,F,P
C750,S,F,J
C77R,S,F,P
C82,L,D,P
C82R,S,F,P
C82S,S,F,P
C82T,S,F,P
C919,L,D,J
C97,L,D,P
CA12,S,F,T
CA19,S,F,P
CA1P,S,F,P
CA1T,S,F,T
CA25,S,F,P
CA3,S,F,P
CA4,S,F,P
CA41,S,F,P
CA6,S,F,P
CA61,S,F,P
CA65,S,F,P
CA7P,S,F,P
CA7T,S,F,T
CA8,S,F,T
CA9,S,F,T
CABI,S,F,T
CABN,S,F,P
CAD2,S,F,P
CAD4,S,F,P
CAJ,S,F,J
CAML,S,F,P
CAMP,S,F,P
CAN4,S,F,P
CAPL,S,F,P
CAR,S,F,P
CARV,L,D,P
CASS,S,F,P
CAT,S,F,P
CAT1,S,F,P
CAT2,S,F,P
CAW,S,F,P
CB1,S,F,P
CC19,S,F,P
CD2,S,F,T
CDC6,S,F,P
CDUS,S,F,P
CDW1,S,F,P
CE15,S,F,P
CE22,S,F,P
CE23,S,F,P
CE25,S,F,P
CE27,S,F,P
CE43,S,F,P
CEGL,S,F,P
CELR,S,F,P
CENT,S,F,P
CFRE,S,F,P
CG3,S,F,P
CGAN,S,F,P
CH1,S,F,T
CH10,S,F,P
CH12,S,F,P
CH14,S,F,T
CH15,S,F,P
CH18,S,F,P
CH20,S,F,P
CH25,S,F,P
CH2T,S,F,P
CH30,S,F,P
CH40,S,F,P
CH50,S,F,P
CH60,S,F,P
CH62,S,F,P
CH64,S,F,P
CH65,S,F,P
CH7,S,F,P
CH70,S,F,P
CH75,S,F,P
CH7A,S,F,P
CH7B,S,F,P
CH80,S,F,P
CHAN,S,F,P
CHCS,S,F,P
CHGO,S,F,P
CHIC,S,F,P
CHIF,S,F,P
CHIN,S,F,P
CHIP,S,F,P
CHR1,S,F,P
CHR4,S,F,P
CHSY,S,F,P
CICA,S,F,P
CJ1,S,F,P
CJ6,S,F,P
CKUO,S,F,J
CL2P,L,D,P
CL2T,L,D,T
CL30,S,F,J
CL35,S,F,J
CL41,S,F,J
CL4G,L,D,T
CL60,L,E,J
CL8,S,F,P
CLA,S,F,P
CLB1,S,F,P
CLBR,S,F,P
CLD2,S,F,P
CLDS,S,F,P
CLON,S,F,P
CMA3,S,F,P
CMAS,S,F,P
CMD1,S,F,P
CMDE,S,F,P
CMDT,S,F,P
CN12,S,F,P
CN35,S,F,T
CNBR,L,E,J
CNDR,S,F,T
CNGP,S,F,P
CNUK,S,F,P
CO50,S,F,P
COAR,S,F,P
COBR,S,F,P
COL3,S,F,P
COL4,S,F,P
COMU,S,F,P
CONI,L,D,P
COOT,S,F,P
CORO,S,F,P
CORR,S,F,P
CORS,S,F,P
CORV,S,F,P
COUG,S,F,P
COUR,S,F,P
COY2,S,F,P
COZJ,S,F,J
COZY,S,F,P
CP10,S,F,P
CP13,S,F,P
CP20,S,F,P
CP21,S,F,P
CP22,S,F,P
CP23,S,F,P
CP30,S,F,P
CP32,S,F,P
CP60,S,F,P
CP65,S,F,P
CP75,S,F,P
CP80,S,F,P
CP90,S,F,P
CPNA,S,F,P
CPUP,S,F,P
CR10,S,F,P
CRA1,S,F,P
CRAC,S,F,P
CRER,S,F,P
CRES,S,F,T
CRIO,S,F,P
CRJ1,L,E,J
CRJ2,L,E,J
CRJ7,L,E,J
CRJ9,L,E,J
CRJX,L,E,J
CRUZ,S,F,P
CT4,S,F,P
CTAH,S,F,P
CTLN,S,F,P
CUB2,S,F,P
CUCA,S,F,P
CULP,S,F,P
CULV,S,F,P
CULX,S,F,P
CVLP,L,D,P
CVLT,L,D,T
CX5,S,F,P
CYCL,S,F,P
CYGT,S,F,P
D1,S,F,P
D11,S,F,P
D139,S,F,P
D140,S,F,P
D150,S,F,P
D18,S,F,P
D201,S,F,P
D228,S,F,T
D25,S,F,P
D250,S,F,P
D253,S,F,P
D28D,S,F,P
D28T,S,F,T
D31,S,F,P
D328,S,F,T
D39,S,F,P
D4,S,F,P
D5,S,F,P
D5TU,S,F,P
D6,S,F,P
D6CR,S,F,P
D7,S,F,P
D8,S,F,P
DA2,S,F,P
DA40,S,F,P
DA42,S,F,P
DA5,S,F,P
DA50,S,F,P
DA62,S,F,P
DAHU,S,F,P
DAKH,S,F,P
DAL1,S,F,P
DAL4,S,F,P
DAL5,S,F,P
DART,S,F,P
DC10,H,C,J
DC2,S,F,P
DC3,S,F,P
DC3S,S,F,P
DC3T,S,F,T
DC4,L,D,P
DC6,L,D,P
DC7,L,D,P
DC85,H,C,J
DC86,H,C,J
DC87,H,C,J
DC91,L,E,J
DC92,L,D,J
DC93,L,D,J
DC94,L,D,J
DC95,L,D,J
DEAG,S,F,P
DEFI,S,F,P
DELF,S,F,P
DFL6,S,F,P
DFLY,S,F,P
DG15,S,F,P
DG1T,S,F,P
DG40,S,F,P
DG50,S,F,P
DG60,S,F,P
DG80,S,F,P
DH2T,S,F,T
DH3T,S,F,T
DH60,S,F,P
DH80,S,F,P
DH82,S,F,P
DH83,S,F,P
DH85,S,F,P
DH87,S,F,P
DH88,S,F,P
DH89,S,F,P
DH8A,L,E,T
DH8B,L,E,T
DH8C,L,E,T
DH8D,L,D,T
DH90,S,F,P
DH94,S,F,P
DHA3,S,F,P
DHC1,S,F,P
DHC2,S,F,P
DHC3,S,F,P
DHC4,S,F,P
DHC5,L,D,T
DHC6,S,F,T
DHC7,L,D,T
DIES,S,F,P
DIJ3,S,F,P
DIJ4,S,F,P
DIMO,S,F,P
DINO,S,F,P
DIPR,S,F,P
DISC,S,F,P
DJET,S,F,J
DJIN,S,F,T
DLTA,S,F,P
DNGO,S,F,T
DO27,S,F,P
DO28,S,F,P
DOCX,S,F,P
DON,S,F,P
DOVE,S,F,P
DR1,S,F,P
DR10,S,F,P
DR22,S,F,P
DR30,S,F,P
DR40,S,F,P
DRAG,S,F,P
DRIF,S,F,P
DRTG,S,F,P
DSA1,S,F,P
DSK,S,F,P
DSLK,S,F,P
DT45,S,F,T
DUB2,S,F,P
DUCE,S,F,P
DUOD,S,F,P
DUR5,S,F,P
DV1,S,F,P
DV2,S,F,P
DV20,S,F,P
DW1,S,F,P
DWD2,S,F,P
DYH2,S,F,P
E110,S,F,T
E120,S,F,T
E121,S,F,T
E135,L,E,J
E145,L,E,J
E170,L,E,J
E190,L,D,J
E195,L,D,J
E2,L,E,T
E200,S,F,P
E230,S,F,P
E290,L,D,J
E2CB,S,F,P
E300,S,F,P
E314,S,F,T
E350,S,F,T
E35L,L,E,J
E3CF,H,C,J
E3TF,H,C,J
E400,S,F,P
E45X,L,E,J
E500,S,F,T
E50P,S,F,J
E530,S,F,J
E545,S,F,J
E550,S,F,J
E55P,S,F,J
E6,H,C,J
E737,L,D,J
E75L,L,E,J
E75S,L,E,J
E767,H,C,J
E7BH,S,F,P
EA40,S,F,J
EA50,S,F,J
EAEA,S,F,P
EAGL,S,F,P
EAGT,S,F,P
EAGX,S,F,P
EB29,S,F,P
EBOY,S,F,P
EC20,S,F,T
EC25,S,F,T
EC30,S,F,T
EC35,S,F,T
EC45,S,F,T
EC55,S,F,T
EC6,S,F,P
EC75,S,F,T
ECHO,S,F,P
EDGE,S,F,P
EDGT,S,F,P
EFOX,S,F,P
EGL3,S,F,T
EGRT,S,F,T
EH10,S,F,T
EL20,S,F,P
ELA7,S,F,P
ELF,S,F,P
ELIT,S,F,J
ELPS,S,F,P
ELST,S,F,P
ELTO,S,F,P
ELTR,S,F,P
EM10,S,F,J
EM11,S,F,P
EN28,S,F,P
EN48,S,F,T
EP9,S,F,P
EPER,S,F,P
EPIC,S,F,T
EPX1,S,F,P
ERAC,S,F,P
ERCO,S,F,P
ES11,S,F,T
ES13,S,F,P
ESCA,S,F,T
ESCP,S,F,P
ESQL,S,F,P
ETA,S,F,P
ETAR,S,F,J
EUFI,L,E,J
EUPA,S,F,P
EURT,S,F,P
EV55,S,F,P
EV97,S,F,P
EVAN,S,F,P
EVIC,S,F,J
EVOP,S,F,P
EVOT,S,F,T
EVSS,S,F,P
EX5T,S,F,T
EXEC,S,F,P
EXEJ,S,F,T
EXPL,S,F,T
EXPR,S,F,P
EZFL,S,F,P
EZFT,S,F,P
EZHV,S,F,P
EZIK,S,F,P
EZKC,S,F,P
F1,S,F,J
F100,L,D,J
F104,S,F,J
F106,S,F,J
F111,L,E,J
F117,L,E,J
F14,L,E,J
F15,L,E,J
F156,S,F,P
F16,L,E,J
F16X,L,E,J
F18H,L,E,J
F18S,L,E,J
F1FV,S,F,P
F2,L,E,J
F22,L,E,J
F260,S,F,P
F26T,S,F,T
F27,L,D,T
F28,L,E,J
F2TH,S,F,J
F30,S,F,P
F35,L,E,J
F3F,S,F,P
F4,L,E,J
F406,S,F,T
F41E,S,F,P
F5,S,F,J
F50,L,D,T
F5SA,S,F,J
F60,L,D,T
F600,S,F,T
F70,L,D,J
F8,S,F,J
F86,L,E,J
F8L,S,F,P
F900,L,E,J
F9F,S,F,J
FA01,S,F,P
FA02,S,F,P
FA03,S,F,P
FA04,S,F,P
FA10,S,F,J
FA11,S,F,P
FA20,S,F,J
FA24,S,F,P
FA50,S,F,J
FA5X,L,E,J
FA62,S,F,P
FA7X,L,E,J
FA8X,L,E,J
FAET,S,F,P
FALC,S,F,P
FALM,S,F,P
FANL,S,F,P
FANT,S,F,P
FB1A,S,F,P
FB1B,S,F,P
FB5,S,F,P
FBA2,S,F,P
FBIR,S,F,P
FC1,S,F,J
FDCT,S,F,P
FDMC,S,F,P
FE51,S,F,P
FEST,S,F,P
FFLY,S,F,P
FG01,S,F,P
FGT,S,F,P
FH11,S,F,T
FIBO,S,F,P
FIKD,S,F,P
FIKE,S,F,P
FINC,S,F,P
FJ10,S,F,J
FJR3,S,F,P
FK12,S,F,P
FK14,S,F,P
FK9,S,F,P
FL3,S,F,P
FL53,S,F,P
FL54,S,F,P
FL55,S,F,P
FLAM,S,F,P
FLE2,S,F,P
FLE7,S,F,P
FLIZ,S,F,P
FLSH,S,F,P
FLSS,S,F,P
FM25,S,F,P
FN33,S,F,P
FNKB,S,F,P
FOOF,S,F,P
FORT,S,F,P
FOUG,S,F,J
FOX,S,F,P
FOXT,S,F,P
FREE,S,F,P
FREL,S,F,T
FRNT,S,F,P
FRON,S,F,P
FS51,S,F,P
FT30,S,F,P
FU24,S,F,P
FURY,S,F,P
FW19,S,F,P
FW21,S,F,P
FW44,S,F,P
FW90,S,F,P
FX1,S,F,P
G1,S,F,P
G103,S,F,P
G109,S,F,P
G115,S,F,P
G120,S,F,P
G12T,S,F,T
G140,S,F,T
G150,S,F,J
G159,S,F,T
G15T,S,F,P
G160,S,F,T
G164,S,F,P
G180,S,F,P
G200,S,F,P
G202,S,F,P
G21,S,F,P
G21M,S,F,P
G21T,S,F,T
G222,L,D,T
G250,S,F,J
G280,S,F,J
G2CA,S,F,P
G2GL,S,F,J
G2T1,S,F,P
G3,S,F,P
G300,S,F,P
G44,S,F,P
G46,S,F,P
G4SG,S,F,J
G59,S,F,P
G64T,S,F,T
G70,S,F,P
G73,S,F,P
G73T,S,F,T
G800,S,F,P
G850,S,F,P
G96,S,F,P
G97,S,F,P
GA10,S,F,T
GA20,S,F,P
GA5C,L,D,J
GA6C,L,D,J
GA7,S,F,P
GA8,S,F,P
GABR,S,F,P
GALX,S,F,J
GANT,S,F,T
GAUN,S,F,P
GAVI,S,F,P
GAZL,S,F,T
GBSP,S,F,P
GC1,S,F,P
GDUK,S,F,P
GEMI,S,F,P
GEPE,S,F,P
GF20,S,F,P
GFLY,S,F,J
GL5T,L,D,J
GL7T,L,D,J
GLAD,S,F,P
GLAS,S,F,P
GLEX,L,D,J
GLF2,L,E,J
GLF3,L,E,J
GLF4,L,E,J
GLF5,L,D,J
GLF6,L,D,J
GLSP,S,F,P
GLST,S,F,P
GLTU,S,F,T
GM01,S,F,P
GM17,S,F,T
GMGC,S,F,P
GNAT,S,F,J
GOBU,S,F,P
GOLF,S,F,P
GOOS,S,F,P
GOTR,S,F,P
GP1,S,F,P
GP3,S,F,P
GP4,S,F,P
GR51,S,F,T
GRAF,S,F,P
GRFN,S,F,P
GRIF,S,F,P
GRIZ,S,F,T
GSIS,S,F,P
GSPN,S,F,J
GUEP,S,F,P
GURI,S,F,P
GX,S,F,P
GY10,S,F,P
GY20,S,F,P
GY30,S,F,P
GY80,S,F,P
H111,S,F,P
H12T,S,F,T
H160,S,F,T
H2,S,F,T
H202,S,F,P
H204,S,F,P
H207,S,F,P
H21,S,F,P
H25A,S,F,J
H25B,S,F,J
H25C,S,F,J
H269,S,F,P
H40,S,F,P
H43A,S,F,P
H43B,S,F,T
H46,S,F,T
H47,L,E,T
H500,S,F,T
H53,L,E,T
H53S,L,E,T
H60,S,F,T
H64,S,F,T
HA2,S,F,P
HA31,S,F,P
HA4T,S,F,J
HAHU,S,F,P
HAR,L,E,J
HAW3,S,F,P
HAWK,S,F,J
HB21,S,F,P
HB23,S,F,P
HB3,S,F,P
HCAT,S,F,P
HD34,S,F,P
HDJT,S,F,J
HEAD,S,F,P
HERN,S,F,P
HF20,S,F,J
HI27,S,F,P
HIGH,S,F,P
HIND,S,F,P
HL2,S,F,P
HLD4,S,F,P
HM38,S,F,P
HN70,S,F,P
HORN,S,F,P
HORZ,S,F,P
HPTR,S,F,P
HPZL,S,F,P
HR10,S,F,P
HR20,S,F,P
HRNT,S,F,P
HROC,S,F,P
HRYA,S,F,P
HSMT,S,F,P
HT16,S,F,J
HT2,S,F,P
HT32,S,F,P
HT34,S,F,T
HT36,S,F,J
HU1,S,F,P
HU2,S,F,P
HUCO,S,F,T
HUML,S,F,P
HUMM,S,F,P
HUNT,S,F,J
HURI,S,F,P
HURK,S,F,T
HUSK,S,F,P
HW4P,S,F,P
HW4T,S,F,T
HX2,S,F,T
HYPR,S,F,P
I103,S,F,P
I114,L,D,T
I115,S,F,P
I11B,S,F,P
I153,S,F,P
I15B,S,F,P
I16,S,F,P
I22,S,F,J
I23,S,F,P
I3,S,F,P
I66,S,F,P
I828,S,F,T
IA46,S,F,P
IA50,S,F,T
IA51,S,F,P
IA58,S,F,T
IA63,S,F,J
IFUR,S,F,P
IL14,S,F,P
IL18,L,D,T
IL28,L,E,J
IL38,L,D,T
IL62,H,C,J
IL76,H,C,J
IL86,H,C,J
IL96,H,B,J
IMPU,S,F,P
INCQ,S,F,P
INEC,S,F,P
INEX,S,F,P
ION,S,F,P
IP06,S,F,P
IP10,S,F,P
IP26,S,F,P
IP6A,S,F,P
IPAN,S,F,P
IR21,S,F,P
IR22,S,F,P
IR23,S,F,P
IR24,S,F,P
IR25,S,F,T
IR27,S,F,P
IR28,S,F,P
IR31,S,F,P
IR46,S,F,P
IR99,S,F,J
IS2,S,F,P
IS28,S,F,P
ISAT,S,F,P
ISPT,S,F,P
J1,S,F,P
J10,S,F,J
J177,S,F,P
J2,S,F,P
J20,L,F,J
J3,S,F,P
J300,S,F,P
J328,S,F,J
J4,S,F,P
J4B2,S,F,P
J5,S,F,P
J728,L,E,J
J8A,S,F,J
J8B,S,F,J
JAB2,S,F,P
JAB4,S,F,P
JABI,S,F,P
JACE,S,F,P
JAG2,S,F,T
JAGR,S,F,J
JAJ5,S,F,P
JAJ6,S,F,P
JANU,S,F,P
JARO,S,F,P
JAST,S,F,J
JB1,S,F,P
JB15,S,F,P
JC01,S,F,P
JC02,S,F,P
JCOM,S,F,J
JCRU,S,F,T
JD2,S,F,P
JDOE,S,F,P
JE2,S,F,P
JFOX,S,F,P
JH7,L,E,J
JK05,S,F,P
JL9,S,F,J
JN76,S,F,P
JPM1,S,F,P
JPRO,S,F,J
JRC1,S,F,P
JS1,S,F,T
JS20,S,F,T
JS3,S,F,T
JS31,S,F,T
JS32,S,F,T
JS41,S,F,T
JSQA,S,F,J
JSX,S,F,J
JT2,S,F,P
JU52,S,F,P
JUN1,S,F,P
JUN2,S,F,P
JUNR,S,F,P
JUPI,S,F,P
K126,S,F,T
K209,S,F,T
K226,S,F,T
K250,S,F,P
K35E,H,C,J
K35R,H,C,J
K50,S,F,J
K51,S,F,P
K8,S,F,J
KA25,S,F,T
KA26,S,F,P
KA27,S,F,T
KA50,S,F,T
KA52,S,F,T
KA62,S,F,T
KAFI,S,F,P
KAK1,S,F,P
KAK3,S,F,P
KAT3,S,F,T
KATB,S,F,P
KATR,S,F,P
KC2,L,D,J
KC39,L,D,J
KE3,H,C,J
KEHA,S,F,P
KELA,S,F,P
KELD,S,F,P
KERO,S,F,P
KEST,S,F,T
KFAB,S,F,P
KFAS,S,F,P
KFIR,S,F,J
KFIS,S,F,P
KH4,S,F,P
KIS2,S,F,P
KIS4,S,F,P
KITI,S,F,P
KIWI,S,F,P
KK60,S,F,P
KL07,S,F,P
KL10,S,F,P
KL25,S,F,P
KL35,S,F,P
KLBR,S,F,P
KM2,S,F,P
KMAX,S,F,T
KNTW,S,F,P
KODI,S,F,T
KOLL,S,F,P
KP2,S,F,P
KP5,S,F,P
KR1,S,F,P
KR2,S,F,P
KR21,S,F,P
KR30,S,F,P
KR31,S,F,P
KR34,S,F,P
KRAG,S,F,P
KRAH,S,F,P
KRIC,S,F,P
KSTK,S,F,P
KT1,S,F,T
KTOO,S,F,P
KZ2,S,F,P
KZ3,S,F,P
KZ4,S,F,P
KZ7,S,F,P
KZ8,S,F,P
L10,S,F,P
L101,H,C,J
L11,S,F,P
L11E,S,F,P
L12,S,F,P
L13,S,F,P
L13M,S,F,P
L13S,S,F,P
L14,S,F,P
L15,S,F,J
L159,S,F,J
L18,L,E,P
L181,S,F,P
L188,L,D,T
L200,S,F,P
L29,S,F,J
L29A,L,E,J
L29B,L,E,J
L37,S,F,P
L380,S,F,P
L39,S,F,J
L4,S,F,P
L40,S,F,P
L410,S,F,T
L5,S,F,P
L59,S,F,J
L6,S,F,P
L60,S,F,P
L610,S,F,T
L70,S,F,P
L8,S,F,P
L90,S,F,T
LA25,S,F,P
LA4,S,F,P
LA60,S,F,P
LA6T,S,F,T
LA8,S,F,P
LACO,S,F,P
LAKR,S,F,P
LAKX,S,F,P
LAMA,S,F,T
LANC,L,D,P
LARK,S,F,P
LAST,S,F,P
LBUG,S,F,P
LCA,S,F,J
LCB,S,F,P
LCH,S,F,T
LCR,S,F,P
LEG2,S,F,P
LEGD,S,F,P
LEOP,S,F,J
LESP,S,F,P
LEVI,S,F,P
LGEZ,S,F,P
LH10,S,F,P
LIBE,S,F,P
LION,S,F,P
LJ23,S,F,J
LJ24,S,F,J
LJ25,S,F,J
LJ28,S,F,J
LJ31,S,F,J
LJ35,S,F,J
LJ40,S,F,J
LJ45,S,F,J
LJ55,S,F,J
LJ60,S,F,J
LJ70,S,F,J
LJ75,S,F,J
LJ85,S,F,J
LK17,S,F,P
LK19,S,F,P
LK20,S,F,P
LM5,S,F,P
LM5X,S,F,P
LM7,S,F,P
LMK1,S,F,P
LN27,S,F,P
LN3,S,F,P
LNC2,S,F,P
LNC4,S,F,P
LNCE,S,F,P
LNP4,S,F,T
LNT4,S,F,T
LOCA,S,F,P
LOVE,S,F,P
LP1,S,F,P
LR2T,S,F,T
LS10,S,F,P
LS2,S,F,P
LS8,S,F,P
LS9,S,F,P
LSTR,S,F,P
LTNG,L,E,J
LUL5,S,F,P
LUL6,S,F,P
LUL7,S,F,P
LUL8,S,F,P
LV51,S,F,P
LW20,S,F,P
LW40,S,F,P
LWIN,S,F,P
LX32,S,F,P
LX34,S,F,P
LYNX,S,F,T
LYSA,S,F,P
M10,S,F,P
M101,S,F,T
M106,S,F,P
M108,S,F,P
M10F,S,F,P
M10R,S,F,P
M110,S,F,P
M15,S,F,J
M17,L,D,J
M18,S,F,P
M18T,S,F,T
M1SC,S,F,P
M2,S,F,P
M200,S,F,P
M203,S,F,P
M20P,S,F,P
M20T,S,F,P
M21,S,F,P
M212,S,F,P
M22,S,F,P
M24,S,F,P
M26,S,F,P
M28,S,F,T
M2HK,S,F,P
M308,S,F,P
M326,S,F,J
M339,S,F,J
M345,S,F,J
M346,S,F,J
M360,S,F,P
M4,S,F,P
M404,L,D,P
M5,S,F,P
M55,L,D,J
M6,S,F,P
M600,S,F,T
M7,S,F,P
M74,S,F,P
M7T,S,F,T
M8,S,F,P
M9,S,F,P
MA1,S,F,P
MA5,S,F,P
MA60,L,D,T
MA6H,L,D,T
MAGC,S,F,P
MAGI,S,F,P
MAGN,S,F,P
MAJR,S,F,P
MAKO,S,F,P
MAMB,S,F,P
MAME,S,F,P
MARS,L,D,P
MAVR,S,F,P
MC10,S,F,P
MC23,L,D,J
MC45,S,F,P
MC90,S,F,P
MCOU,S,F,P
MCOY,S,F,P
MCR1,S,F,P
MCR4,S,F,P
MCRR,S,F,P
MCUL,S,F,P
MD11,H,C,J
MD3,S,F,P
MD3R,S,F,P
MD52,S,F,T
MD60,S,F,T
MD81,L,D,J
MD82,L,D,J
MD83,L,D,J
MD87,L,D,J
MD88,L,D,J
MD90,L,D,J
ME08,S,F,P
ME09,S,F,P
ME62,S,F,J
MEAD,S,F,P
MEL2,S,F,P
MERK,S,F,P
MESS,S,F,P
METR,S,F,J
MEXP,S,F,P
MF10,S,F,P
MF17,S,F,P
MG15,S,F,J
MG17,S,F,J
MG19,S,F,J
MG21,S,F,J
MG23,S,F,J
MG25,L,E,J
MG29,L,E,J
MG31,L,E,J
MG44,L,E,J
MGAT,S,F,J
MGIC,S,F,P
MGNM,S,F,P
MH02,S,F,J
MH20,S,F,T
MH46,S,F,P
MI10,L,D,T
MI14,S,F,T
MI2,S,F,T
MI24,S,F,T
MI26,L,D,T
MI28,S,F,T
MI34,S,F,P
MI38,S,F,T
MI4,S,F,P
MI6,L,D,T
MI8,S,F,T
MICO,S,F,J
MIDR,S,F,P
MIMP,S,F,P
MIMU,S,F,P
MIR2,S,F,J
MIRA,S,F,J
MITE,S,F,P
MJ10,S,F,P
MJ12,S,F,P
MJ1H,S,F,P
MJ2,S,F,P
MJ3,S,F,P
MJ4,S,F,P
MJ5,S,F,P
MJ53,S,F,P
MJ55,S,F,P
MJ7,S,F,P
MJ77,S,F,P
MJ8,S,F,P
MJ80,S,F,P
MJ9,S,F,P
MJ90,S,F,P
MLER,S,F,P
MM14,S,F,P
MM16,S,F,P
MM19,S,F,P
MM21,S,F,P
MM22,S,F,P
MM24,S,F,P
MMAC,S,F,P
MMAX,S,F,P
MMUT,S,F,P
MNEX,S,F,P
MOCU,S,F,P
MOGO,S,F,P
MOL1,S,F,P
MONA,S,F,P
MONI,S,F,P
MOR2,S,F,P
MOSP,S,F,P
MOSQ,S,F,P
MOTO,S,F,P
MP02,S,F,P
MP20,S,F,P
MQ1,S,F,P
MQ4,L,D,J
MQ9,S,F,T
MR25,S,F,P
MR35,S,F,P
MR3T,S,F,T
MRAI,S,F,P
MRAM,S,F,P
MRF1,S,F,J
MRJ7,L,D,J
MRJ9,L,D,J
MRMD,S,F,P
MRTN,S,F,P
MS1,S,F,P
MS18,S,F,P
MS23,S,F,P
MS25,S,F,P
MS30,S,F,P
MS31,S,F,P
MS73,S,F,P
MS76,S,F,J
MSAI,S,F,P
MSQ2,S,F,P
MT,S,F,P
MT2,S,F,J
MU2,S,F,T
MU23,S,F,P
MU30,S,F,J
MUS2,S,F,P
MVN1,S,F,P
MVRK,S,F,P
MX10,S,F,P
MX1T,S,F,P
MX2,S,F,P
MX65,S,F,P
MX80,S,F,P
MXS,S,F,P
MY12,S,F,P
MY13,S,F,P
MYA4,H,C,J
MYS4,S,F,J
N110,S,F,P
N120,S,F,P
N250,L,D,T
N260,S,F,T
N262,S,F,T
N3,S,F,P
N320,S,F,P
N340,S,F,P
N3N,S,F,P
N5,S,F,P
NA40,S,F,T
NAL2,S,F,P
NAVI,S,F,P
NC85,S,F,P
ND1T,S,F,T
NDAC,S,F,P
NDAT,S,F,P
NDIC,S,F,P
NG4,S,F,P
NG5,S,F,P
NH90,S,F,T
NHCO,S,F,P
NI28,S,F,P
NIBB,S,F,P
NIMB,S,F,P
NIPR,S,F,P
NM5,S,F,P
NMCU,S,F,P
NNJA,S,F,P
NOMA,S,F,T
NORA,L,D,P
NORS,S,F,P
NPOR,S,F,P
NSTR,S,F,P
NT10,S,F,P
NXT,S,F,P
O1,S,F,P
O3,S,F,P
OH1,S,F,T
OKHO,S,F,P
OM1,S,F,P
OMAG,S,F,P
OMGA,S,F,P
OMLA,S,F,T
ONE,S,F,P
ONEX,S,F,P
OPCA,S,F,P
OR10,S,F,P
OR12,S,F,P
OSCR,S,F,P
OUDE,S,F,P
OVOD,S,F,P
OZZI,S,F,P
P06T,S,F,P
P1,L,D,J
P100,S,F,P
P130,S,F,P
P136,S,F,P
P148,S,F,P
P149,S,F,P
P180,S,F,T
P18T,S,F,T
P19,S,F,P
P2,L,D,P
P208,S,F,P
P210,S,F,P
P212,S,F,P
P220,S,F,P
P230,S,F,P
P27,S,F,P
P270,S,F,P
P28A,S,F,P
P28B,S,F,P
P28R,S,F,P
P28S,S,F,P
P28T,S,F,P
P28U,S,F,P
P3,L,D,T
P32R,S,F,P
P32T,S,F,P
P337,S,F,P
P38,S,F,P
P39,S,F,P
P40,S,F,P
P46T,S,F,T
P47,S,F,P
P4Y,L,D,P
P50,S,F,P
P51,S,F,P
P57,S,F,P
P60,S,F,P
P61,S,F,P
P63,S,F,P
P66P,S,F,P
P66T,S,F,T
P68,S,F,P
P68T,S,F,T
P70,S,F,P
P750,S,F,T
P8,L,D,J
P80,S,F,P
P82,S,F,P
PA11,S,F,P
PA12,S,F,P
PA14,S,F,P
PA15,S,F,P
PA16,S,F,P
PA17,S,F,P
PA18,S,F,P
PA20,S,F,P
PA22,S,F,P
PA23,S,F,P
PA24,S,F,P
PA25,S,F,P
PA27,S,F,P
PA30,S,F,P
PA31,S,F,P
PA32,S,F,P
PA34,S,F,P
PA36,S,F,P
PA38,S,F,P
PA44,S,F,P
PA46,S,F,P
PA47,S,F,J
PACE,S,F,P
PAGO,S,F,P
PANT,S,F,P
PAR1,S,F,P
PAR4,S,F,P
PARL,S,F,P
PAT2,S,F,P
PAT4,S,F,T
PAUL,S,F,P
PAV4,S,F,P
PAY1,S,F,T
PAY2,S,F,T
PAY3,S,F,T
PAY4,S,F,T
PC12,S,F,T
PC21,S,F,T
PC24,S,F,J
PC6P,S,F,P
PC6T,S,F,T
PC7,S,F,T
PC9,S,F,T
PCA2,S,F,P
PDIG,S,F,P
PECR,S,F,P
PEGA,S,F,P
PEGZ,S,F,P
PELI,S,F,P
PEMB,S,F,P
PETL,S,F,P
PETR,S,F,P
PGEE,S,F,P
PGK1,S,F,P
PHIL,S,F,P
PHIX,S,F,P
PHNX,S,F,P
PIAT,S,F,P
PICO,S,F,P
PILL,S,F,P
PINO,S,F,P
PIPA,S,F,P
PISI,S,F,P
PITA,S,F,P
PIVI,S,F,P
PK11,S,F,P
PK15,S,F,P
PK18,S,F,P
PK19,S,F,P
PK20,S,F,P
PK21,S,F,P
PK23,S,F,P
PK25,S,F,P
PKAN,S,F,P
PL1,S,F,P
PL12,S,F,P
PL2,S,F,P
PL4,S,F,P
PL9,S,F,P
PLUS,S,F,P
PNR2,S,F,P
PNR3,S,F,P
PNR4,S,F,P
PO2,S,F,P
PO60,S,F,P
POLI,S,F,P
PONY,S,F,P
PP2,S,F,P
PP3,S,F,P
PPRO,S,F,P
PRBP,S,F,P
PRBR,S,F,P
PRCE,S,F,P
PREN,S,F,P
PRET,S,F,P
PREX,S,F,P
PRIM,S,F,P
PRM1,S,F,J
PROC,S,F,P
PROT,S,F,P
PROW,S,F,P
PRPR,S,F,P
PRTS,S,F,J
PRXT,S,F,T
PSTM,S,F,P
PSW4,S,F,T
PT21,S,F,P
PT22,S,F,P
PT70,S,F,P
PT80,S,F,P
PTMS,S,F,P
PTRL,S,F,P
PTS1,S,F,P
PTS2,S,F,P
PTSS,S,F,P
PUL6,S,F,P
PULR,S,F,P
PULS,S,F,P
PUMA,S,F,T
PUP,S,F,P
PURS,S,F,P
PUSH,S,F,P
PW4,S,F,P
PZ01,S,F,P
PZ02,S,F,P
PZ04,S,F,P
PZ05,S,F,P
PZ06,S,F,P
PZ12,S,F,P
PZ26,S,F,P
PZ3T,S,F,T
PZ4M,S,F,P
PZ6T,S,F,T
Q01,S,F,P
Q5,S,F,J
QAIL,S,F,P
QALT,S,F,P
QEST,S,F,P
QIC2,S,F,P
QR01,S,F,P
QUAS,S,F,P
QUIC,S,F,P
R100,S,F,P
R109,S,F,P
R11,S,F,P
R135,H,C,J
R185,S,F,P
R2,S,F,P
R200,S,F,P
R22,S,F,P
R300,S,F,P
R4,S,F,P
R44,S,F,P
R66,S,F,T
R721,L,D,J
R722,L,D,J
R90F,S,F,P
R90R,S,F,P
R90T,S,F,T
RA14,S,F,P
RA17,S,F,P
RAF2,S,F,P
RAID,S,F,P
RAIL,S,F,P
RALL,S,F,P
RANG,S,F,P
RARO,S,F,P
RAV3,S,F,P
RAV5,S,F,P
RAZM,S,F,P
RBEL,S,F,P
RC3,S,F,P
RC70,S,F,P
RD03,S,F,P
RD20,S,F,P
RDH2,S,F,P
RELI,S,F,P
RENE,S,F,P
REV6,S,F,T
RF10,S,F,P
RF3,S,F,P
RF4,S,F,P
RF47,S,F,P
RF5,S,F,P
RF6,S,F,P
RF9,S,F,P
RFAL,L,E,J
RGNT,S,F,P
RJ03,S,F,P
RJ1H,L,E,J
RJ70,L,E,J
RJ85,L,E,J
RK5,S,F,P
RLU1,S,F,P
RMOU,S,F,T
RNGR,S,F,P
RODS,S,F,P
ROND,S,F,P
ROSE,S,F,P
RP1,S,F,T
RPUP,S,F,P
RS12,S,F,P
RS18,S,F,P
RS20,S,F,P
RTA4,S,F,P
RUBI,S,F,P
RV10,S,F,P
RV12,S,F,P
RV14,S,F,P
RV3,S,F,P
RV4,S,F,P
RV4T,S,F,T
RV6,S,F,P
RV7,S,F,P
RV8,S,F,P
RV9,S,F,P
RVAL,S,F,T
RW19,S,F,P
RW20,S,F,P
RW22,S,F,P
RW26,S,F,P
RW3,S,F,P
RYSA,S,F,T
RYST,S,F,P
S05F,S,F,P
S05R,S,F,P
S1,S,F,P
S10,S,F,P
S107,S,F,P
S108,S,F,P
S10S,S,F,P
S11,S,F,P
S12,S,F,P
S122,S,F,P
S12S,S,F,P
S15S,S,F,P
S200,S,F,J
S202,S,F,P
S208,S,F,P
S21,S,F,P
S210,L,D,J
S211,S,F,J
S223,S,F,P
S22T,S,F,P
S274,S,F,T
S278,S,F,T
S285,S,F,T
S2P,S,F,P
S2T,S,F,T
S3,L,E,J
S32M,S,F,P
S330,S,F,T
S360,S,F,T
S37,L,E,J
S38,S,F,P
S39,S,F,P
S4,S,F,P
S400,S,F,P
S434,S,F,T
S45,S,F,P
S450,S,F,P
S51,S,F,P
S51D,S,F,P
S52,S,F,P
S55P,S,F,P
S55T,S,F,T
S58P,S,F,P
S58T,S,F,T
S6,S,F,P
S601,S,F,J
S61,S,F,T
S61R,S,F,T
S62,S,F,T
S64,L,E,T
S65C,S,F,T
S76,S,F,T
S900,S,F,P
S92,S,F,T
S97,S,F,T
SA02,S,F,P
SA03,S,F,P
SA04,S,F,P
SA05,S,F,P
SA10,S,F,P
SA11,S,F,P
SA2,S,F,P
SA20,S,F,P
SA3,S,F,P
SA30,S,F,P
SA37,S,F,P
SA38,S,F,P
SA50,S,F,P
SA6,S,F,P
SA6E,S,F,T
SA7,S,F,P
SA70,S,F,P
SA75,S,F,P
SA8T,S,F,T
SAB2,S,F,P
SABA,S,F,P
SACE,S,F,P
SACR,S,F,P
SAFF,S,F,P
SAH1,S,F,P
SAKO,S,F,P
SALB,S,F,P
SAM,S,F,P
SAND,L,D,P
SAPH,S,F,P
SASH,S,F,P
SASP,S,F,P
SASY,S,F,P
SATA,S,F,J
SAVA,S,F,P
SAVG,S,F,P
SB05,S,F,J
SB20,L,E,T
SB29,S,F,J
SB32,S,F,J
SB35,S,F,J
SB37,L,E,J
SB39,S,F,J
SB7,S,F,P
SB91,S,F,P
SBD,S,F,P
SBLS,S,F,P
SBM3,S,F,P
SBOY,S,F,P
SBR1,S,F,J
SBR2,S,F,J
SC01,S,F,P
SC7,S,F,T
SCAM,S,F,P
SCEP,S,F,P
SCII,S,F,P
SCOM,S,F,P
SCOR,S,F,P
SCOU,S,F,T
SCRO,S,F,P
SCTR,S,F,P
SCUB,S,F,P
SCW1,S,F,P
SD26,S,F,P
SD4,S,F,P
SDUS,S,F,P
SE5A,S,F,P
SE5R,S,F,P
SEAT,S,F,T
SEAW,S,F,P
SERA,S,F,P
SEST,S,F,T
SF2,S,F,P
SF23,S,F,P
SF24,S,F,P
SF25,S,F,P
SF27,S,F,P
SF28,S,F,P
SF31,S,F,P
SF32,S,F,P
SF34,L,E,T
SF35,S,F,P
SF36,S,F,P
SF50,S,F,J
SG37,S,F,P
SG70,S,F,P
SG92,S,F,T
SGRA,S,F,P
SGUP,L,D,T
SH33,S,F,T
SH36,S,F,T
SH4,S,F,P
SH5,L,D,T
SHAC,L,D,P
SHAK,S,F,P
SHAW,S,F,J
SHEA,S,F,P
SHEK,S,F,P
SHER,S,F,P
SHOE,S,F,P
SHOP,S,F,P
SHOR,S,F,P
SHRK,S,F,P
SHRT,S,F,T
SIDE,S,F,P
SIGM,S,F,P
SILH,S,F,P
SIR2,S,F,P
SIRA,S,F,P
SJ30,S,F,J
SJET,S,F,J
SK10,S,F,P
SK70,S,F,P
SKAR,S,F,P
SKIF,S,F,P
SKIM,S,F,P
SKRA,S,F,P
SKYC,S,F,P
SKYO,S,F,P
SKYR,S,F,P
SL1,S,F,P
SL39,S,F,P
SL90,S,F,P
SLG2,S,F,P
SLG4,S,F,P
SLK3,S,F,P
SLK5,S,F,P
SM01,S,F,P
SM19,S,F,T
SM20,S,F,T
SM60,S,F,P
SM92,S,F,P
SMAX,S,F,P
SMB2,S,F,J
SNAD,S,F,P
SNAP,S,F,P
SNGY,S,F,P
SNOS,S,F,P
SNS2,S,F,P
SNS7,S,F,P
SNS9,S,F,P
SNTA,S,F,P
SOK2,S,F,P
SOKL,S,F,P
SOLI,S,F,P
SONX,S,F,P
SORA,S,F,P
SP20,S,F,P
SP33,S,F,J
SP55,S,F,P
SP6E,S,F,P
SP7,S,F,P
SP91,S,F,P
SP95,S,F,P
SPA2,S,F,P
SPAR,S,F,P
SPC2,S,F,P
SPDR,S,F,P
SPEL,S,F,P
SPGY,S,F,P
SPHA,S,F,P
SPIR,S,F,P
SPIT,S,F,P
SPOR,S,F,P
SPR2,S,F,P
SPRT,S,F,P
SPST,S,F,P
SPUP,S,F,P
SQ2T,S,F,P
SQES,S,F,P
SR01,S,F,P
SR20,S,F,P
SR22,S,F,P
SR71,L,E,J
SRAC,S,F,P
SRAI,S,F,P
SRAS,S,F,P
SRAY,S,F,P
SREY,S,F,P
SS2P,S,F,P
SS2T,S,F,T
SSAB,S,F,J
SSC,S,F,P
SSTM,S,F,P
ST1,S,F,P
ST10,S,F,P
ST3,S,F,P
ST30,S,F,P
ST4,S,F,P
ST50,S,F,T
ST6,S,F,P
ST60,S,F,P
ST75,S,F,P
ST87,S,F,P
STAL,S,F,P
STAR,S,F,T
STAT,S,F,T
STCH,S,F,P
STFF,S,F,P
STIL,S,F,P
STLN,S,F,T
STOR,S,F,P
STR2,S,F,P
STRA,S,F,P
STRE,S,F,P
STRI,S,F,P
STRK,S,F,J
STRM,S,F,P
STST,S,F,P
SU15,S,F,J
SU17,L,E,J
SU24,L,E,J
SU25,L,E,J
SU26,S,F,P
SU27,L,E,J
SU29,S,F,P
SU31,S,F,P
SU38,S,F,P
SU7,S,F,J
SU80,S,F,T
SU95,L,D,J
SUBA,S,F,P
SUCO,S,F,T
SUNB,S,F,P
SUNV,S,F,P
SURN,S,F,T
SURU,S,F,P
SUSO,S,F,P
SV4,S,F,P
SVNH,S,F,P
SW18,S,F,P
SW2,S,F,T
SW3,S,F,T
SW4,S,F,T
SWAK,S,F,P
SWAT,S,F,P
SWIF,S,F,J
SWIN,S,F,P
SWOR,S,F,P
SX30,S,F,P
SYCA,S,F,P
SYMP,S,F,P
SYNC,S,F,P
SZ45,S,F,P
SZ9M,S,F,P
T1,S,F,J
T10,S,F,P
T101,S,F,T
T134,L,D,J
T144,H,C,J
T154,L,D,J
T160,H,B,J
T18,S,F,P
T19,S,F,P
T2,S,F,J
T204,L,D,J
T206,S,F,P
T210,S,F,P
T211,S,F,P
T22M,L,D,J
T250,S,F,P
T28,S,F,P
T30,S,F,P
T33,L,F,J
T334,L,D,J
T34P,S,F,P
T34T,S,F,T
T35,S,F,P
T37,S,F,J
T38,S,F,J
T4,S,F,J
T40,S,F,P
T411,S,F,P
T415,S,F,P
T419,S,F,P
T5,S,F,T
T50,S,F,P
T50S,L,E,J
T51,S,F,P
T6,S,F,P
T7,S,F,T
TA15,S,F,P
TA16,S,F,P
TA20,S,F,P
TAA1,S,F,P
TAGO,S,F,P
TAIL,S,F,P
TAMP,S,F,P
TARO,S,F,P
TARR,S,F,P
TAYA,S,F,P
TAYB,S,F,P
TAYD,S,F,P
TB05,S,F,P
TB20,S,F,P
TB21,S,F,P
TB30,S,F,P
TB31,S,F,T
TBEE,S,F,P
TBM,S,F,P
TBM7,S,F,T
TBM8,S,F,T
TBM9,S,F,T
TBR3,S,F,P
TC2,S,F,P
TCAT,S,F,P
TCOU,S,F,P
TD1,S,F,P
TD2,S,F,T
TD3,S,F,P
TEAL,S,F,P
TERM,S,F,P
TERR,S,F,P
TEX2,S,F,T
TEXA,S,F,P
TF19,S,F,P
TF21,S,F,P
TF22,S,F,P
TFK2,S,F,P
TFOC,S,F,P
TFUN,S,F,P
TGRS,S,F,P
TIGR,S,F,T
TIJU,S,F,P
TIPB,S,F,P
TJET,S,F,J
TL20,S,F,P
TL30,S,F,P
TLEG,S,F,T
TM5,S,F,P
TMOT,S,F,P
TMUS,S,F,P
TNAV,S,F,P
TNDR,S,F,P
TOBA,S,F,P
TOOT,S,F,P
TOR,L,E,J
TOUR,S,F,P
TOXO,S,F,P
TP40,S,F,P
TPIL,S,F,T
TPIN,S,F,P
TR1,S,F,P
TR20,S,F,P
TR26,S,F,P
TR55,S,F,P
TRAL,S,F,P
TRAP,S,F,P
TRBA,S,F,P
TRDO,S,F,P
TRF1,S,F,P
TRIM,S,F,P
TRIS,S,F,P
TRMA,S,F,P
TRWN,S,F,P
TS11,S,F,J
TS14,S,F,P
TS1J,S,F,J
TS8,S,F,P
TSPT,S,F,P
TSTN,S,F,P
TSTR,S,F,P
TT62,S,F,P
TTRS,S,F,P
TTWO,S,F,P
TU16,L,D,J
TU22,L,D,J
TU4,L,D,T
TU95,H,C,T
TUCA,S,F,T
TUL3,S,F,P
TUTR,S,F,P
TVL4,S,F,P
TVLB,S,F,P
TWEN,S,F,P
TWIR,S,F,P
TWSP,S,F,P
TWST,S,F,P
TZRV,S,F,J
U15,S,F,P
U16,S,F,P
U2,S,F,J
U21,S,F,T
U22,S,F,P
UBAT,S,F,P
UF10,S,F,P
UF13,S,F,P
UFHT,S,F,P
UH1,S,F,T
UH12,S,F,P
UH1Y,S,F,T
UL10,S,F,P
UL20,S,F,P
UL2F,S,F,P
UL45,S,F,P
ULPA,S,F,P
ULTS,S,F,P
UM18,S,F,P
UNIV,S,F,P
URRA,S,F,P
US1,L,D,T
US2,L,D,T
UT60,S,F,P
UT65,S,F,P
UT66,S,F,P
UT75,S,F,P
UU12,S,F,P
V1,S,F,T
V10,S,F,T
V22,L,E,T
V252,S,F,P
V322,S,F,P
V351,S,F,P
V452,S,F,T
V500,S,F,P
V8SP,S,F,P
VALI,S,F,P
VAMP,S,F,J
VANT,S,F,J
VAUT,L,E,J
VELO,S,F,P
VELT,S,F,P
VENT,S,F,P
VEZE,S,F,P
VF14,L,E,J
VF2,S,F,P
VF35,L,E,J
VF60,S,F,T
VG3T,S,F,P
VGUL,S,F,P
VIMA,S,F,P
VIMY,S,F,P
VIPJ,S,F,J
VIPR,S,F,P
VISI,S,F,P
VIVA,S,F,P
VIX,S,F,P
VIXN,S,F,P
VJ22,S,F,P
VK3P,S,F,P
VL3,S,F,P
VM1,S,F,P
VMT,H,C,J
VNOM,S,F,J
VNTR,S,F,P
VO10,S,F,P
VOL2,S,F,P
VP2,S,F,P
VR20,S,F,P
VSON,S,F,P
VTOR,S,F,T
VTRA,S,F,P
VTUR,S,F,P
VUT1,S,F,P
VVIG,S,F,P
VW10,S,F,P
VWIT,S,F,P
W11,S,F,P
W201,S,F,P
W3,S,F,T
W62T,S,F,T
WA40,S,F,P
WA41,S,F,P
WA42,S,F,P
WA50,S,F,P
WA80,S,F,P
WAC9,S,F,P
WACA,S,F,P
WACC,S,F,P
WACD,S,F,P
WACE,S,F,P
WACF,S,F,P
WACG,S,F,P
WACM,S,F,P
WACN,S,F,P
WACO,S,F,P
WACT,S,F,P
WAIX,S,F,P
WASP,S,F,T
WB57,L,E,J
WBOO,S,F,P
WCAT,S,F,P
WDEX,S,F,P
WESX,S,F,T
WF4U,S,F,P
WFOC,S,F,P
WFUR,S,F,P
WG30,S,F,T
WH1,S,F,P
WHAT,S,F,P
WHIL,S,F,P
WHIS,S,F,P
WHIT,S,F,P
WHK2,L,D,J
WHKN,S,F,J
WICH,S,F,P
WILT,S,F,P
WIND,S,F,P
WINE,S,F,P
WIRR,S,F,P
WISP,S,F,P
WM2,S,F,P
WOPU,S,F,P
WP40,S,F,P
WP47,S,F,P
WS22,S,F,P
WSP,S,F,P
WT9,S,F,P
WUSH,S,F,P
WW1,S,F,P
WW23,S,F,J
WW24,S,F,J
WZ10,S,F,T
WZER,S,F,P
X2,S,F,T
X29,S,F,J
X3,S,F,T
X32,L,E,J
X4,S,F,P
X49,S,F,T
X55,S,F,J
XA41,S,F,P
XA42,S,F,P
XA85,S,F,P
XAIR,S,F,P
XL2,S,F,P
XNON,S,F,P
XNOS,S,F,P
XV15,S,F,T
Y11,S,F,P
Y112,S,F,P
Y12,S,F,T
Y12F,S,F,T
Y130,S,F,J
Y141,L,E,J
Y18T,S,F,P
YAK3,S,F,P
YAK9,S,F,P
YALE,S,F,P
YARR,S,F,P
YAST,S,F,P
YC12,S,F,P
YK11,S,F,P
YK12,S,F,P
YK18,S,F,P
YK28,L,E,J
YK30,S,F,J
YK38,S,F,J
YK40,S,F,J
YK42,L,D,J
YK50,S,F,P
YK52,S,F,P
YK53,S,F,P
YK54,S,F,P
YK55,S,F,P
YK58,S,F,P
YL15,S,F,P
YNHL,S,F,P
YS11,L,D,T
YUNO,S,F,P
YURO,S,F,J
Z22,S,F,P
Z26,S,F,P
Z37P,S,F,P
Z37T,S,F,T
Z42,S,F,P
Z43,S,F,P
Z50,S,F,P
ZA6,S,F,P
ZEP2,S,F,P
ZEPH,S,F,P
ZERO,S,F,P
ZIA,S,F,P
ZIU,S,F,P
ZULU,S,F,P
18,S,F,P
1B,H,C,J
32B,L,D,J
738,L,D,J
A10A,L,E,J
A300,H,C,J
A329,H,B,J
A330,H,B,J
A331,H,B,J
A340,H,B,J
A350,H,B,J
A380,J,A,J
AA2,S,F,P
AA5A,S,F,P
AA5B,S,F,P
AC12,S,F,P
AC14,S,F,P
AC20,S,F,P
AC21,S,F,P
AC2A,S,F,T
AC69,S,F,T
AC6T,S,F,T
AJ25,S,F,J
ALOR,L,D,J
AP25,L,D,T
AP45,L,D,T
AP52,L,D,T
AR58,S,F,P
AT41,L,E,T
AT42,L,E,T
AU24,S,F,T
AV23,S,F,T
AV8,L,E,J
B07H,H,C,J
B1B,H,C,J
B32,S,F,T
B707,L,D,J
B717,L,D,J
B727,L,D,J
B72Q,L,D,J
B731,L,D,J
B73A,L,D,J
B73B,L,D,J
B73C,L,D,J
B73F,L,D,J
B73Q,L,D,J
B73S,L,D,J
B73V,L,D,J
B747,H,B,J
B74A,H,B,J
B74B,H,B,J
B74F,H,B,J
B75,S,F,P
B757,5,D,J
B767,H,C,J
B777,H,B,J
B787,H,B,J
B99,S,F,T
BA31,S,F,T
BA32,S,F,T
BA41,S,F,T
BA46,L,E,J
BATP,L,D,T
BE02,S,F,T
BE1B,S,F,T
BE2H,S,F,T
BE3B,S,F,T
BE3L,S,F,T
BE8S,S,F,P
BE90,S,F,T
BE9F,S,F,T
BEST,S,F,T
BJ40,S,F,J
BL14,S,F,P
BL26,S,F,P
BL28,S,F,P
BL30,S,F,P
BL31,S,F,P
BN2,S,F,P
BN3,S,F,P
BO31,S,F,J
BT10,S,F,P
BT6S,S,F,P
C117,S,F,P
C118,L,D,P
C12,S,F,T
C131,L,D,P
C14,S,F,P
C20,L,E,J
C21,S,F,J
C22,L,D,J
C305,S,F,P
C401,S,F,P
C406,S,F,T
C435,S,F,T
C45,S,F,P
C47,S,F,P
C54,L,D,P
C552,S,F,J
C5A,H,B,J
C660,S,F,J
C7,S,F,P
C8,L,D,T
C9,L,E,J
CA21,S,F,T
CARJ,L,E,J
CH47,L,E,T
CH5,S,F,P
CH8,S,F,P
CH9,S,F,P
CIA1,S,F,P
CL61,L,E,J
CL64,L,E,J
CL65,L,E,J
CM11,S,F,P
CM48,S,F,P
COMT,S,F,P
CS12,S,F,T
CUB,S,F,P
CV13,S,F,P
CV14,S,F,P
CV24,L,D,P
CV34,L,D,P
CV44,L,D,P
CV58,L,D,T
CV60,L,D,T
CV64,L,D,T
CW20,L,D,P
DA02,S,F,J
DA05,S,F,J
DA10,S,F,J
DA20,S,F,J
DA90,L,E,J
DC8Q,H,C,J
DC8S,H,C,J
DC9Q,L,D,J
DC9S,L,D,J
DH10,S,F,P
DH11,S,F,P
DH5,L,D,T
DH6,S,F,T
DH7,L,D,T
DHC8,L,E,T
DO81,S,F,T
DO82,S,F,T
DO8D,S,F,P
E137,H,C,J
E3,H,C,J
E4,H,B,J
EA6,L,E,J
F02,S,F,P
F18,L,E,J
F53,L,E,J
F5E,S,F,J
ERD,L,E,J
F80,L,F,J
F9,S,F,J
FA22,S,F,T
FA27,L,D,T
FK10,L,D,J
FK27,L,D,T
FK28,L,E,J
FK50,L,D,T
FXJ,S,F,T
G134,S,F,T
G2,L,E,J
G4,L,E,J
G5,L,D,J
G64,S,F,P
G93,S,F,J
GULF,L,E,J
HE25,S,F,P
HE29,S,F,P
HE35,S,F,P
HE39,S,F,P
HE55,S,F,T
HE58,S,F,T
HE63,S,F,T
HEL,L,E,T
HELI,L,E,T
HELO,L,E,T
HF32,S,F,J
HP13,S,F,T
HS25,S,F,J
HS74,L,D,T
HU25,S,F,J
HVY,H,C,J
J428,S,F,T
JSTA,S,F,T
JSTB,S,F,T
K35A,H,C,J
KC10,H,C,J
KC135,H,C,J
KC97,S,F,J
L164,L,D,P
L295,L,E,J
L329,L,E,J
L382,L,D,T
L49,L,D,P
L649,L,D,P
L749,L,D,P
LA04,S,F,P
LA2T,S,F,P
LA42,S,F,P
LJ36,S,F,J
LR23,S,F,J
LR24,S,F,J
LR25,S,F,J
LR28,S,F,J
LR29,S,F,J
LR31,S,F,J
LR35,S,F,J
LR36,S,F,J
LR45,S,F,J
LR55,S,F,J
LR60,S,F,J
MO10,S,F,P
MO18,S,F,P
MO20,S,F,P
MO21,S,F,P
MO2J,S,F,P
MO2K,S,F,P
MU24,S,F,T
MU26,S,F,T
MU2B,S,F,T
MU3,S,F,J
N145,S,F,P
N22B,S,F,T
N24A,S,F,T
N265,S,F,J
N6,S,F,P
NA1,S,F,P
NA16,S,F,P
ND16,L,D,T
ND26,S,F,T
NO4,S,F,P
NO5,S,F,P
NO6,S,F,P
NORD,L,D,P
O2,S,F,P
OA4,S,F,J
OV1,S,F,T
OV10,S,F,T
P166,S,F,P
P31T,S,F,T
PA2,S,F,P
PA28,S,F,P
PA41,S,F,T
PA42,S,F,T
PA5,S,F,P
PA60,S,F,P
PARO,S,F,P
PASE,S,F,P
PAYE,S,F,T
PAZT,S,F,P
PBY5,S,F,P
PIS1,S,F,P
PIS2,S,F,P
PL6A,S,F,T
PL7,S,F,T
PN66,S,F,P
PN68,S,F,P
PN6P,S,F,T
RC12,S,F,P
RV01,S,F,T
RY65,S,F,P
S3A,L,E,J
S880,S,F,P
S885,S,F,P
S892,S,F,P
S894,S,F,P
SF60,S,F,T
SH7,S,F,T
SL8,S,F,P
SM6T,S,F,P
ST35,S,F,P
ST77,S,F,P
SW4A,S,F,T
SW4B,S,F,T
T34,S,F,P
T37A,S,F,J
T38C,S,F,J
T39,S,F,J
T41,S,F,P
T42,S,F,P
T43,L,D,J
T45,S,F,J
T47,S,F,J
TA10,S,F,P
TA4,S,F,J
TB70,S,F,T
TC15,S,F,P
TC19,S,F,P
TC20,S,F,P
TC21,S,F,P
TRID,S,F,P
TRIN,S,F,P
TS60,S,F,P
U1,S,F,P
U10,S,F,P
U11,S,F,P
U18,S,F,T
U21F,S,F,T
U3,S,F,P
U4,S,F,P
U6,S,F,P
U7,S,F,P
U8,S,F,P
UH60,S,F,T
VC11,L,D,J
VC25,H,B,J
VC4,S,F,T
VC47,S,F,P
VC9,L,E,J
VLCN,S,F,P
WSW,S,F,T
WW4A,S,F,J
A18,L,E,J
CSN,S,F,P
CSNA,S,F,T
EA30,H,C,J
EA31,H,C,J
EA32,L,D,J
EA33,H,B,J
EA34,H,B,J
HS28,S,F,J
M20,S,F,T
M202,S,F,P
M260,S,F,P
M80,L,D,J
MART,S,F,P
MD10,H,C,J
MD8,L,D,J
MD80,L,D,J
ME29,S,F,T
ML4,S,F,T
ML5,S,F,T
ML6,S,F,T
TCS,S,F,P
V137,L,D,J
CR9,L,E,J
319,L,D,J
321,L,D,J
320,L,D,J
333,H,B,J
332,H,B,J
E7W,L,E,J
CR7,L,E,J
717,L,D,J
73W,L,D,J
E90,L,D,J
ER4,L,E,J
E70,L,E,J
EM2,S,F,T
73H,L,D,J
738D,L,D,J
CR7E,L,E,J
CR70,L,E,J
C9PS,L,E,J
R175,L,E,J
EP45,L,E,J
738A,L,D,J
H319,L,D,J
H205,L,D,J
319W,L,D,J
E140,L,E,J
CR20,L,E,J
M90,L,D,J
738K,L,D,J
FRJ,S,F,J
M88,L,D,J
319S,L,D,J
321H,L,D,J
321S,L,D,J
32A,L,D,J
388,J,A,J
738M,L,D,J
739,L,D,J
73J,L,D,J
744,H,B,J
74F,H,B,J
74N,H,B,J
74Y,H,B,J
75EL,5,D,J
75W,5,D,J
76RP,H,C,J
772,H,B,J
772M,H,B,J
773W,H,B,J
77F,H,B,J
7878,H,B,J
7879,H,B,J
788,H,B,J
789,H,B,J
CNC,S,F,T
CR2S,L,E,J
CR7R,L,E,J
CR7S,L,E,J
EXP,S,F,P
F9MJ,L,E,J
J32,S,F,T
M1F,H,C,J
M83G,L,D,J
M83N,L,D,J
OOC7,L,E,J
R9MJ,L,E,J
SP80,L,D,J
SVFR,S,F,P
SWRJ,L,E,J
M82,L,D,J
CR2,L,E,J
DH3,L,E,T
ET45,L,E,J
CR7N,L,E,J
763,H,C,J
321T,L,D,J
D3EN,L,E,T
757P,5,D,J
RJZW,L,E,J
77L,H,B,J
752,5,D,J
330,H,B,J
ERJ,L,E,J
343,H,B,J
736,L,D,J
CRA,L,E,J
RJRP,L,E,J
D8EN,L,E,T
C17A,H,C,J
764,H,C,J
CR2M,L,E,J
H145,S,F,T
738W,L,D,J
S76B,S,F,T
C56O,S,F,J
753,5,D,J
F18E,L,E,J
346,H,B,J
AD1,S,F,P
MQ9A,S,F,T
C27,L,D,T
TEX,S,F,T
K35,H,C,J
763P,H,C,J
7673,H,C,J
772A,H,B,J
75EP,5,D,J
P3C,L,D,T
B206,S,F,T
MQ4C,L,D,J
C2A,L,E,T
BIMB,L,D,J
AV8B,L,E,J
C77,S,F,P
US,L,E,J
E2D,L,E,T
F16D,L,E,J
H72,S,F,T
T38A,S,F,J
HC17,H,C,J
HXB,S,F,T
EC40,S,F,T
C26A,S,F,T
P9,S,F,P
MAUL,S,F,P
HH60,S,F,T
M20J,S,F,P
EA18,L,E,J
F16C,L,E,J
GLF1,S,F,T
75ER,5,D,J
T240,S,F,P
SK76,S,F,T
U28A,S,F,T
E45,S,F,J
P28,S,F,P
F200,S,F,P
KC35,H,C,J
MV22,L,E,T
G60,L,D,J
TB10,S,F,P
F35B,L,E,J
C145,S,F,T
RV7A,S,F,P
ANKA,S,F,P
B778,H,B,J
B779,H,B,J
P1HH,S,F,T
Q1,S,F,P
Q4,L,D,J
Q9,S,F,T
S15U,S,F,P
X47B,L,E,J
77W,H,B,J
ALBT,S,F,P
B406,S,F,T
C25,H,B,J
C250,S,F,P
CJ7,L,E,J
CJ9,L,E,J
D95A,S,F,P
DH6C,S,F,T
E55,S,F,P
EC10,H,C,J
H60L,S,F,T
H64A,S,F,T
HALO,L,D,J
KODK,S,F,T
M020,S,F,T
MI17,S,F,P
MU20,S,F,T
MU2P,S,F,T
STMN,S,F,P
YAK,S,F,P
BET,S,F,T
E75,L,E,J
E75R,L,E,J
E75C,L,E,J
E75E,L,E,J
E175,L,E,J
B77X,H,B,J
77X,H,B,J
100,L,D,J
141,L,E,J
142,L,E,J
143,L,E,J
146,L,E,J
14F,L,E,J
14X,L,E,J
14Y,L,E,J
14Z,L,E,J
310,H,C,J
312,H,C,J
313,H,C,J
318,L,D,J
31F,H,C,J
31X,H,C,J
31Y,H,C,J
32S,L,D,J
340,H,B,J
342,H,B,J
345,H,B,J
380,J,A,J
38F,J,A,J
703,H,C,J
707,H,C,J
70F,H,C,J
70M,H,C,J
721,L,D,J
722,L,D,J
727,L,D,J
72B,L,D,J
72C,L,D,J
72F,L,D,J
72M,L,D,J
72S,L,D,J
72X,L,D,J
72Y,L,D,J
731,L,D,J
732,L,D,J
733,L,D,J
734,L,D,J
735,L,D,J
737,L,D,J
73F,L,D,J
73G,L,D,J
73M,L,D,J
73X,L,D,J
73Y,L,D,J
741,H,B,J
742,H,B,J
743,H,B,J
747,H,B,J
74C,H,B,J
74D,H,B,J
74E,H,B,J
74L,H,B,J
74M,H,B,J
74R,H,B,J
74T,H,B,J
74U,H,B,J
74V,H,B,J
74X,H,B,J
757,5,D,J
75F,5,D,J
75M,5,D,J
762,H,C,J
767,H,C,J
76F,H,C,J
76X,H,C,J
76Y,H,C,J
773,H,B,J
777,H,B,J
A26,L,D,T
A28,S,F,T
A30,L,D,T
A32,L,D,T
A40,L,E,T
A4F,H,B,J
AB3,H,C,J
AB4,H,C,J
AB6,H,C,J
ABB,H,C,J
ABF,H,C,J
ABX,H,C,J
ABY,H,C,J
ACD,S,F,T
ACP,S,F,P
ACT,S,F,T
AN4,L,D,T
AN6,L,D,T
AN7,L,D,J
ANF,L,D,T
APH,S,F,T
AR1,L,E,J
AR7,L,E,J
AR8,L,E,J
ARJ,L,E,J
ARX,L,E,J
AT4,L,E,T
AT5,L,E,T
AT7,L,E,T
AX1,L,E,J
AX8,L,E,J
B11,L,D,J
B12,L,D,J
B14,L,D,J
B15,L,D,J
B72,L,D,J
BE1,S,F,T
BE2,S,F,P
BEC,S,F,P
BEH,S,F,T
BEP,S,F,P
BES,S,F,T
BNI,S,F,P
CCJ,L,E,J
CN1,S,F,P
CN2,S,F,P
CNA,S,F,P
CNT,S,F,T
CR1,L,E,J
CRJ,L,E,J
CRV,L,D,J
CS2,S,F,T
CS5,S,F,T
CV4,L,D,P
CV5,L,D,T
CVF,L,D,T
CVR,L,D,T
CVV,L,D,P
CVX,L,D,P
CVY,L,D,T
CWC,L,D,P
D10,H,C,J
D1C,H,C,J
D1F,H,C,J
D1M,H,C,J
D1X,H,C,J
D1Y,H,C,J
D28,S,F,T
D38,S,F,T
D3F,S,F,P
D6F,L,D,P
D8F,H,C,J
D8L,H,C,J
D8M,H,C,J
D8Q,H,C,J
D8T,H,C,J
D8X,H,C,J
D8Y,H,C,J
D91,L,E,J
D92,L,D,J
D93,L,D,J
D94,L,D,J
D95,L,D,J
D9C,L,D,J
D9F,L,D,J
D9X,L,E,J
DC8,H,C,J
DC9,L,D,J
DF2,S,F,J
DF3,L,E,J
DFL,L,E,J
DH1,L,E,T
DH2,L,E,T
DH4,L,D,T
DH8,L,D,T
DHB,S,F,T
DHC,S,F,P
DHD,S,F,P
DHH,S,F,P
DHL,S,F,P
DHO,S,F,P
DHP,S,F,P
DHR,S,F,T
DHS,S,F,P
DHT,S,F,T
EMB,S,F,T
EMJ,L,D,J
F21,L,E,J
F23,L,E,J
F24,L,E,J
FA7,L,E,J
FK7,L,D,T
GRG,S,F,P
GRJ,L,E,J
GRM,S,F,T
GRS,S,F,T
HEC,S,F,P
HS7,L,D,T
I14,L,D,T
I93,H,B,J
I9F,H,B,J
I9M,H,B,J
I9X,H,B,J
I9Y,H,B,J
IL6,H,C,J
IL7,H,C,J
IL8,L,D,T
IL9,H,B,J
ILW,H,C,J
J31,S,F,T
J41,S,F,T
JST,S,F,T
JU5,S,F,P
L1F,H,C,J
L4T,S,F,T
LOE,L,D,T
LOF,L,D,T
LOH,L,D,T
LOM,L,D,T
LRJ,S,F,J
M11,H,C,J
M1M,H,C,J
M81,L,D,J
M83,L,D,J
M87,L,D,J
MBH,S,F,T
MD9,S,F,T
MIH,S,F,T
ND2,S,F,T
NDC,S,F,J
NDE,S,F,T
PA1,S,F,P
PL6,S,F,T
PN6,S,F,P
S20,L,E,T
S58,S,F,T
SF3,L,E,T
SH3,S,F,T
SH6,S,F,T
SHB,L,D,T
SHS,S,F,T
SWM,S,F,T
T20,L,D,J
TU3,L,D,J
TU5,L,D,J
WWP,S,F,J
YK2,L,D,J
YK4,S,F,J
YN2,S,F,T
YN7,L,D,T
YS1,L,D,T
COUC,S,F,P
N74S,H,B,J
RX1H,L,E,J
RX85,L,E,J
359,H,B,J
748,H,B,J
74B,H,B,J
78J,H,B,J
7M7,L,D,J
7M8,L,D,J
7M9,L,D,J
CRK,L,E,J
CS1,L,D,J
CS3,L,D,J
E95,L,D,J
32C,L,D,J
32D,L,D,J
73C,L,D,J
73E,L,D,J
76W,H,C,J
AGH,S,F,T
ASJ,S,F,J
AT6,L,E,T
AWH,S,F,T
B73J,L,D,J
B75W,5,D,J
BE4,S,F,J
CJ2,S,F,J
CJ5,S,F,J
CJ8,S,F,J
CJL,S,F,J
CJM,S,F,J
CL3,S,F,J
CN7,S,F,J
D20,S,F,J
D2L,S,F,J
D42,S,F,P
D9L,L,E,J
DF1,S,F,J
DF5,S,F,J
DF7,L,E,J
DF9,L,E,J
EA5,S,F,T
EC3,S,F,T
EC5,S,F,T
EH1,S,F,T
EP1,S,F,J
EP3,S,F,J
ER3,L,E,J
G2B,L,E,J
G2S,L,E,J
GJ2,L,E,J
GJ3,L,E,J
GJ4,L,E,J
GJ5,L,D,J
GJ6,L,D,J
GR1,S,F,J
GR2,S,F,J
GR3,S,F,J
H20,S,F,J
H24,S,F,J
H28,S,F,J
H29,S,F,J
JSR,L,E,J
LJ2,S,F,J
LJ3,S,F,J
LJ4,S,F,J
LJ6,S,F,J
LJ7,S,F,J
LJ8,S,F,J
P18,S,F,T
PAG,S,F,P
PAT,S,F,T
PR1,S,F,J
321E,L,D,J
321K,L,D,J
CSTW,S,F,P
M201,S,F,P
P206,S,F,P
339,H,B,J
351,H,B,J
ATR,L,E,T
BH2,S,F,T
BNT,S,F,P
CCX,L,D,J
CNJ,S,F,J
H25,S,F,J
NDH,S,F,T
32Q,L,D,J
BE9,S,F,T
C20T,L,E,J
COL,S,F,P
LNC,S,F,P
M20K,S,F,P
M20U,S,F,P
NC21,S,F,T
P32A,S,F,P
PITT,S,F,P
TTX,S,F,P
74J,H,B,J
A381,J,A,J
CL4,L,D,T
V280,L,E,T
E295,L,D,J
E275,L,D,J
A178,L,D,J
SLCH,J,A,J
221,L,D,J
223,L,D,J
